private org.junit.runners.model.Statement org.junit.runners.BlockJUnit4ClassRunner.withMethodRules(org.junit.runners.model.FrameworkMethod, java.lang.Object, org.junit.runners.model.Statement);protected java.util.List org.junit.runners.BlockJUnit4ClassRunner.getTestRules(java.lang.Object);1
protected void org.junit.runners.ParentRunner.validatePublicVoidNoArgMethods(java.lang.Class, boolean, java.util.List);public void org.junit.runners.model.FrameworkMethod.validatePublicVoidNoArg(boolean, java.util.List);1
protected java.util.List org.junit.runners.BlockJUnit4ClassRunner.getTestRules(java.lang.Object);public final org.junit.runners.model.TestClass org.junit.runners.BlockJUnit4ClassRunner.getTestClass();2
protected final void org.junit.runners.ParentRunner.runLeaf(org.junit.runners.model.Statement, org.junit.runner.Description, org.junit.runner.notification.RunNotifier);public void org.junit.internal.runners.model.EachTestNotifier.addFailure(java.lang.Throwable);1
protected void org.junit.runners.ParentRunner.validatePublicVoidNoArgMethods(java.lang.Class, boolean, java.util.List);public final org.junit.runners.model.TestClass org.junit.runners.ParentRunner.getTestClass();11
public org.junit.runner.Result org.junit.runner.JUnitCore.run(org.junit.runner.Runner);public org.junit.runner.notification.RunListener org.junit.runner.Result.createListener();3
public static transient org.junit.runner.Request org.junit.runner.Request.classes(org.junit.runner.Computer, java.lang.Class[]);public org.junit.runner.Runner org.junit.runner.Computer.getSuite(org.junit.runners.model.RunnerBuilder, java.lang.Class[]);3
protected java.util.List org.junit.runners.BlockJUnit4ClassRunner.rules(java.lang.Object);public java.util.List org.junit.runners.model.TestClass.getAnnotatedFieldValues(java.lang.Object, java.lang.Class, java.lang.Class);1
protected void org.junit.internal.TextListener.printHeader(long);protected java.lang.String org.junit.internal.TextListener.elapsedTimeAsString(long);1
protected java.lang.annotation.Annotation[] org.junit.runners.ParentRunner.getRunnerAnnotations();public java.lang.annotation.Annotation[] org.junit.runners.model.TestClass.getAnnotations();9
protected void org.junit.runners.ParentRunner.collectInitializationErrors(java.util.List);private void org.junit.runners.ParentRunner.validateClassRules(java.util.List);4
public org.junit.runner.Runner org.junit.internal.builders.SuiteMethodBuilder.runnerForClass(java.lang.Class);public boolean org.junit.internal.builders.SuiteMethodBuilder.hasSuiteMethod(java.lang.Class);3
protected void org.junit.runners.Suite.runChild(org.junit.runner.Runner, org.junit.runner.notification.RunNotifier);public abstract void org.junit.runner.Runner.run(org.junit.runner.notification.RunNotifier);3
protected void org.junit.internal.TextListener.printFooter(org.junit.runner.Result);private java.io.PrintStream org.junit.internal.TextListener.getWriter();4
protected org.junit.runners.model.Statement org.junit.runners.BlockJUnit4ClassRunner.possiblyExpectingExceptions(org.junit.runners.model.FrameworkMethod, java.lang.Object, org.junit.runners.model.Statement);private boolean org.junit.runners.BlockJUnit4ClassRunner.expectsException(org.junit.Test);1
public void org.junit.internal.TextListener.testRunFinished(org.junit.runner.Result);protected void org.junit.internal.TextListener.printFailures(org.junit.runner.Result);1
public org.junit.runner.Runner org.junit.runner.Computer.1.runnerForClass(java.lang.Class);protected org.junit.runner.Runner org.junit.runner.Computer.getRunner(org.junit.runners.model.RunnerBuilder, java.lang.Class);3
public static transient org.junit.runner.Description org.junit.runner.Description.createTestDescription(java.lang.Class, java.lang.String, java.lang.annotation.Annotation[]);private transient org.junit.runner.Description(java.lang.String, java.lang.annotation.Annotation[]);572
public java.lang.reflect.Constructor org.junit.runners.model.TestClass.getOnlyConstructor();public static void org.junit.Assert.assertEquals(long, long);2
protected org.junit.runners.model.Statement org.junit.runners.BlockJUnit4ClassRunner.methodInvoker(org.junit.runners.model.FrameworkMethod, java.lang.Object);public org.junit.internal.runners.statements.InvokeMethod(org.junit.runners.model.FrameworkMethod, java.lang.Object);1
public org.junit.runner.Description org.junit.internal.runners.JUnit38ClassRunner.getDescription();private static org.junit.runner.Description org.junit.internal.runners.JUnit38ClassRunner.makeDescription(junit.framework.Test);4
public void org.junit.runners.ParentRunner.3.run();protected abstract void org.junit.runners.ParentRunner.runChild(java.lang.Object, org.junit.runner.notification.RunNotifier);4
public void org.junit.runner.notification.RunNotifier.fireTestRunFinished(org.junit.runner.Result);void org.junit.runner.notification.RunNotifier.2.run();3
protected org.junit.runners.model.Statement org.junit.runners.BlockJUnit4ClassRunner.withBefores(org.junit.runners.model.FrameworkMethod, java.lang.Object, org.junit.runners.model.Statement);public java.util.List org.junit.runners.model.TestClass.getAnnotatedMethods(java.lang.Class);1
protected org.junit.runners.ParentRunner(java.lang.Class);private void org.junit.runners.ParentRunner.validate();4
protected void org.junit.runners.BlockJUnit4ClassRunner.collectInitializationErrors(java.util.List);private void org.junit.runners.BlockJUnit4ClassRunner.validateFields(java.util.List);1
public static transient void org.junit.runner.JUnitCore.main(java.lang.String[]);public org.junit.internal.RealSystem();1
public static void org.junit.Assert.assertEquals(java.lang.String, long, long);public static void org.junit.Assert.assertEquals(java.lang.String, java.lang.Object, java.lang.Object);2
protected org.junit.runners.model.Statement org.junit.runners.ParentRunner.withBeforeClasses(org.junit.runners.model.Statement);public java.util.List org.junit.runners.model.TestClass.getAnnotatedMethods(java.lang.Class);4
private void org.junit.runners.BlockJUnit4ClassRunner.validateFields(java.util.List);public final org.junit.runners.model.TestClass org.junit.runners.BlockJUnit4ClassRunner.getTestClass();1
public abstract interface java.io.PrintStream org.junit.internal.JUnitSystem.out();public abstract interface java.io.PrintStream org.junit.internal.JUnitSystem.out();1
public java.util.List org.junit.runners.model.TestClass.getAnnotatedFields(java.lang.Class);private java.util.List org.junit.runners.model.TestClass.getAnnotatedMembers(java.util.Map, java.lang.Class);12
protected void org.junit.runner.notification.RunNotifier.3.notifyListener(org.junit.runner.notification.RunListener);public void org.junit.runner.notification.RunListener.testStarted(org.junit.runner.Description);284
protected org.junit.runner.Description org.junit.runners.BlockJUnit4ClassRunner.describeChild(org.junit.runners.model.FrameworkMethod);protected java.lang.String org.junit.runners.BlockJUnit4ClassRunner.testName(org.junit.runners.model.FrameworkMethod);4
void org.junit.runner.notification.RunNotifier.SafeNotifier.run();static java.util.List org.junit.runner.notification.RunNotifier.access$000(org.junit.runner.notification.RunNotifier);586
protected void org.junit.runners.BlockJUnit4ClassRunner.validateInstanceMethods(java.util.List);protected void org.junit.runners.BlockJUnit4ClassRunner.validateTestMethods(java.util.List);1
public transient org.junit.runner.Result org.junit.runner.JUnitCore.run(java.lang.Class[]);public static transient org.junit.runner.Request org.junit.runner.Request.classes(org.junit.runner.Computer, java.lang.Class[]);3
static org.junit.internal.runners.rules.RuleFieldValidator.<clinit>;private org.junit.internal.runners.rules.RuleFieldValidator(java.lang.String, int, java.lang.Class, boolean);2
public org.junit.runner.Description org.junit.runners.ParentRunner.getDescription();protected java.lang.annotation.Annotation[] org.junit.runners.ParentRunner.getRunnerAnnotations();9
protected org.junit.runners.model.Statement org.junit.runners.BlockJUnit4ClassRunner.methodBlock(org.junit.runners.model.FrameworkMethod);protected org.junit.runners.model.Statement org.junit.runners.BlockJUnit4ClassRunner.withAfters(org.junit.runners.model.FrameworkMethod, java.lang.Object, org.junit.runners.model.Statement);1
protected org.junit.internal.builders.JUnit4Builder org.junit.internal.builders.AllDefaultPossibilitiesBuilder.junit4Builder();public org.junit.internal.builders.JUnit4Builder();3
public void org.junit.runner.Result.Listener.testFailure(org.junit.runner.notification.Failure);static java.util.List org.junit.runner.Result.access$300(org.junit.runner.Result);1
public java.util.List org.junit.runners.model.RunnerBuilder.runners(java.lang.Class, java.lang.Class[]);void org.junit.runners.model.RunnerBuilder.removeParent(java.lang.Class);3
private void org.junit.runners.BlockJUnit4ClassRunner.validateFields(java.util.List);public void org.junit.internal.runners.rules.RuleFieldValidator.validate(org.junit.runners.model.TestClass, java.util.List);1
public org.junit.runner.Result org.junit.runner.JUnitCore.run(org.junit.runner.Request);public abstract org.junit.runner.Runner org.junit.runner.Request.getRunner();3
public java.util.List org.junit.runners.model.RunnerBuilder.runners(java.lang.Class, java.lang.Class[]);public java.util.List org.junit.runners.model.RunnerBuilder.runners(java.lang.Class, java.lang.Class[]);3
public static junit.framework.Test org.junit.internal.runners.SuiteMethod.testFromSuiteMethod(java.lang.Class);public static junit.framework.Test org.junit.internal.runners.SuiteMethod.testFromSuiteMethod(java.lang.Class);1
static org.junit.runner.manipulation.Sorter.<clinit>;org.junit.runner.manipulation.Sorter.1();1
public static transient void org.junit.runner.JUnitCore.runMainAndExit(org.junit.internal.JUnitSystem, java.lang.String[]);public abstract interface void org.junit.internal.JUnitSystem.exit(int);1
private org.junit.runners.model.Statement org.junit.runners.BlockJUnit4ClassRunner.withMethodRules(org.junit.runners.model.FrameworkMethod, java.lang.Object, org.junit.runners.model.Statement);private java.util.List org.junit.runners.BlockJUnit4ClassRunner.getMethodRules(java.lang.Object);1
public transient java.lang.Object org.junit.runners.model.FrameworkMethod.invokeExplosively(java.lang.Object, java.lang.Object[]);public java.lang.Object org.junit.runners.model.FrameworkMethod.1.run();1
protected org.junit.runners.model.Statement org.junit.runners.BlockJUnit4ClassRunner.methodBlock(org.junit.runners.model.FrameworkMethod);protected org.junit.runners.model.Statement org.junit.runners.BlockJUnit4ClassRunner.possiblyExpectingExceptions(org.junit.runners.model.FrameworkMethod, java.lang.Object, org.junit.runners.model.Statement);1
protected java.lang.String org.junit.runners.ParentRunner.getName();public java.lang.String org.junit.runners.model.TestClass.getName();9
public void org.junit.internal.runners.rules.RuleFieldValidator.validate(org.junit.runners.model.TestClass, java.util.List);public java.util.List org.junit.runners.model.TestClass.getAnnotatedFields(java.lang.Class);5
public void junit.tests.runner.ResultTest.testRunFailureResultCanBeSerialised();public transient org.junit.runner.Result org.junit.runner.JUnitCore.run(java.lang.Class[]);1
public boolean org.junit.runner.Result.wasSuccessful();public int org.junit.runner.Result.getFailureCount();2
protected void org.junit.internal.TextListener.printFooter(org.junit.runner.Result);public boolean org.junit.runner.Result.wasSuccessful();1
private boolean org.junit.runners.BlockJUnit4ClassRunner.hasOneConstructor();public java.lang.Class org.junit.runners.model.TestClass.getJavaClass();2
public org.junit.runner.Description org.junit.runners.ParentRunner.getDescription();public void org.junit.runner.Description.addChild(org.junit.runner.Description);9
public void org.junit.internal.TextListener.testRunFinished(org.junit.runner.Result);public long org.junit.runner.Result.getRunTime();1
protected org.junit.runners.model.Statement org.junit.runners.BlockJUnit4ClassRunner.withBefores(org.junit.runners.model.FrameworkMethod, java.lang.Object, org.junit.runners.model.Statement);public final org.junit.runners.model.TestClass org.junit.runners.BlockJUnit4ClassRunner.getTestClass();1
private static org.junit.runner.Description org.junit.internal.runners.JUnit38ClassRunner.makeDescription(junit.framework.Test);public static org.junit.runner.Description org.junit.runner.Description.createTestDescription(java.lang.Class, java.lang.String);284
protected void org.junit.runners.BlockJUnit4ClassRunner.validateNoNonStaticInnerClass(java.util.List);public final org.junit.runners.model.TestClass org.junit.runners.BlockJUnit4ClassRunner.getTestClass();1
public void org.junit.tests.running.methods.AnnotationTest.FailureTest.error();public static void org.junit.Assert.fail();1
public transient org.junit.runner.Result org.junit.runner.JUnitCore.runMain(org.junit.internal.JUnitSystem, java.lang.String[]);public void org.junit.runner.JUnitCore.addListener(org.junit.runner.notification.RunListener);1
public org.junit.runner.Result org.junit.runner.JUnitCore.run(org.junit.runner.Runner);public abstract org.junit.runner.Description org.junit.runner.Runner.getDescription();3
protected org.junit.runner.Runner org.junit.runner.Computer.getRunner(org.junit.runners.model.RunnerBuilder, java.lang.Class);public abstract org.junit.runner.Runner org.junit.runners.model.RunnerBuilder.runnerForClass(java.lang.Class);3
public java.lang.Object org.junit.internal.runners.model.ReflectiveCallable.run();protected abstract java.lang.Object org.junit.internal.runners.model.ReflectiveCallable.runReflectiveCall();2
public void org.junit.runner.notification.RunNotifier.fireTestRunStarted(org.junit.runner.Description);org.junit.runner.notification.RunNotifier.1(org.junit.runner.notification.RunNotifier, org.junit.runner.Description);3
protected void org.junit.runners.BlockJUnit4ClassRunner.validateZeroArgConstructor(java.util.List);public final org.junit.runners.model.TestClass org.junit.runners.BlockJUnit4ClassRunner.getTestClass();2
public static void org.junit.Assert.assertEquals(long, long);public static void org.junit.Assert.assertEquals(java.lang.String, long, long);2
protected java.lang.Object org.junit.runners.BlockJUnit4ClassRunner.1.runReflectiveCall();protected java.lang.Object org.junit.runners.BlockJUnit4ClassRunner.createTest();1
private void org.junit.runners.ParentRunner.validate();protected void org.junit.runners.ParentRunner.collectInitializationErrors(java.util.List);4
void org.junit.runner.notification.RunNotifier.SafeNotifier.run();protected abstract void org.junit.runner.notification.RunNotifier.SafeNotifier.notifyListener(org.junit.runner.notification.RunListener);577
static org.junit.runner.Computer org.junit.runner.JUnitCore.defaultComputer();public org.junit.runner.Computer();3
private org.junit.runners.model.Statement org.junit.runners.BlockJUnit4ClassRunner.withRules(org.junit.runners.model.FrameworkMethod, java.lang.Object, org.junit.runners.model.Statement);private org.junit.runners.model.Statement org.junit.runners.BlockJUnit4ClassRunner.withTestRules(org.junit.runners.model.FrameworkMethod, java.lang.Object, org.junit.runners.model.Statement);1
static org.junit.runner.manipulation.Sorter.<clinit>;public org.junit.runner.manipulation.Sorter(java.util.Comparator);1
protected org.junit.runners.model.Statement org.junit.runners.BlockJUnit4ClassRunner.methodBlock(org.junit.runners.model.FrameworkMethod);protected org.junit.runners.model.Statement org.junit.runners.BlockJUnit4ClassRunner.methodInvoker(org.junit.runners.model.FrameworkMethod, java.lang.Object);1
protected org.junit.runners.model.Statement org.junit.runners.BlockJUnit4ClassRunner.withPotentialTimeout(org.junit.runners.model.FrameworkMethod, java.lang.Object, org.junit.runners.model.Statement);private long org.junit.runners.BlockJUnit4ClassRunner.getTimeout(org.junit.Test);1
protected void org.junit.runners.BlockJUnit4ClassRunner.validateConstructor(java.util.List);protected void org.junit.runners.BlockJUnit4ClassRunner.validateOnlyOneConstructor(java.util.List);1
public static void org.junit.Assert.assertEquals(java.lang.String, java.lang.Object, java.lang.Object);private static boolean org.junit.Assert.isEquals(java.lang.Object, java.lang.Object);2
protected java.util.List org.junit.runners.BlockJUnit4ClassRunner.getTestRules(java.lang.Object);public java.util.List org.junit.runners.model.TestClass.getAnnotatedFieldValues(java.lang.Object, java.lang.Class, java.lang.Class);2
public org.junit.runner.Runner org.junit.internal.builders.AllDefaultPossibilitiesBuilder.runnerForClass(java.lang.Class);protected org.junit.internal.builders.AnnotatedBuilder org.junit.internal.builders.AllDefaultPossibilitiesBuilder.annotatedBuilder();3
protected java.util.List org.junit.runners.BlockJUnit4ClassRunner.rules(java.lang.Object);public final org.junit.runners.model.TestClass org.junit.runners.BlockJUnit4ClassRunner.getTestClass();1
private void org.junit.runners.model.TestClass.addToAnnotationLists(org.junit.runners.model.FrameworkMember, java.util.Map);boolean org.junit.runners.model.FrameworkMember.isShadowedBy(java.util.List);1
private java.util.List org.junit.runners.BlockJUnit4ClassRunner.getMethodRules(java.lang.Object);protected java.util.List org.junit.runners.BlockJUnit4ClassRunner.rules(java.lang.Object);1
private static org.junit.runner.Description org.junit.internal.runners.JUnit38ClassRunner.makeDescription(junit.framework.Test);private static org.junit.runner.Description org.junit.internal.runners.JUnit38ClassRunner.makeDescription(junit.framework.Test);336
public transient org.junit.runner.Result org.junit.runner.JUnitCore.run(java.lang.Class[]);static org.junit.runner.Computer org.junit.runner.JUnitCore.defaultComputer();3
public java.util.List org.junit.runners.model.TestClass.getAnnotatedFieldValues(java.lang.Object, java.lang.Class, java.lang.Class);public java.util.List org.junit.runners.model.TestClass.getAnnotatedFields(java.lang.Class);7
protected org.junit.runner.Description org.junit.runners.BlockJUnit4ClassRunner.describeChild(org.junit.runners.model.FrameworkMethod);public java.lang.annotation.Annotation[] org.junit.runners.model.FrameworkMethod.getAnnotations();4
protected org.junit.runners.model.Statement org.junit.runners.ParentRunner.classBlock(org.junit.runner.notification.RunNotifier);protected org.junit.runners.model.Statement org.junit.runners.ParentRunner.withAfterClasses(org.junit.runners.model.Statement);4
public void org.junit.runners.model.FrameworkMethod.validatePublicVoidNoArg(boolean, java.util.List);public void org.junit.runners.model.FrameworkMethod.validatePublicVoid(boolean, java.util.List);1
public void org.junit.runner.notification.RunNotifier.fireTestStarted(org.junit.runner.Description);void org.junit.runner.notification.RunNotifier.3.run();143
protected void org.junit.runners.BlockJUnit4ClassRunner.runChild(org.junit.runners.model.FrameworkMethod, org.junit.runner.notification.RunNotifier);public java.lang.annotation.Annotation org.junit.runners.model.FrameworkMethod.getAnnotation(java.lang.Class);1
public void org.junit.internal.runners.statements.InvokeMethod.evaluate();public transient java.lang.Object org.junit.runners.model.FrameworkMethod.invokeExplosively(java.lang.Object, java.lang.Object[]);1
protected void org.junit.runners.BlockJUnit4ClassRunner.validateZeroArgConstructor(java.util.List);public boolean org.junit.runners.model.TestClass.isANonStaticInnerClass();1
protected org.junit.runner.Description org.junit.runners.BlockJUnit4ClassRunner.describeChild(org.junit.runners.model.FrameworkMethod);public final org.junit.runners.model.TestClass org.junit.runners.BlockJUnit4ClassRunner.getTestClass();4
protected void org.junit.runners.BlockJUnit4ClassRunner.validateZeroArgConstructor(java.util.List);private boolean org.junit.runners.BlockJUnit4ClassRunner.hasOneConstructor();1
public org.junit.runner.Runner org.junit.internal.builders.AllDefaultPossibilitiesBuilder.runnerForClass(java.lang.Class);protected org.junit.runners.model.RunnerBuilder org.junit.internal.builders.AllDefaultPossibilitiesBuilder.suiteMethodBuilder();3
protected void org.junit.runners.ParentRunner.validatePublicVoidNoArgMethods(java.lang.Class, boolean, java.util.List);public java.util.List org.junit.runners.model.TestClass.getAnnotatedMethods(java.lang.Class);11
protected org.junit.runner.Description org.junit.runners.BlockJUnit4ClassRunner.describeChild(org.junit.runners.model.FrameworkMethod);public java.lang.Class org.junit.runners.model.TestClass.getJavaClass();4
public java.util.List org.junit.runners.model.TestClass.getAnnotatedMethods(java.lang.Class);private java.util.List org.junit.runners.model.TestClass.getAnnotatedMembers(java.util.Map, java.lang.Class);23
public void org.junit.runner.Result.Listener.testRunStarted(org.junit.runner.Description);static long org.junit.runner.Result.access$002(org.junit.runner.Result, long);3
public java.util.List org.junit.runners.model.RunnerBuilder.runners(java.lang.Class, java.lang.Class[]);private java.util.List org.junit.runners.model.RunnerBuilder.runners(java.lang.Class[]);3
public transient org.junit.runner.Result org.junit.runner.JUnitCore.runMain(org.junit.internal.JUnitSystem, java.lang.String[]);public abstract interface java.io.PrintStream org.junit.internal.JUnitSystem.out();1
protected void org.junit.internal.TextListener.printFailures(org.junit.runner.Result);public java.util.List org.junit.runner.Result.getFailures();1
public void org.junit.runners.ParentRunner.run(org.junit.runner.notification.RunNotifier);public abstract void org.junit.runners.model.Statement.evaluate();4
public org.junit.runner.Result org.junit.runner.JUnitCore.run(org.junit.runner.Runner);public abstract void org.junit.runner.Runner.run(org.junit.runner.notification.RunNotifier);3
protected void org.junit.runners.BlockJUnit4ClassRunner.validateConstructor(java.util.List);protected void org.junit.runners.BlockJUnit4ClassRunner.validateZeroArgConstructor(java.util.List);1
public org.junit.runners.model.TestClass(java.lang.Class);org.junit.runners.model.FrameworkField(java.lang.reflect.Field);2
private void org.junit.runners.ParentRunner.runChildren(org.junit.runner.notification.RunNotifier);public abstract interface void org.junit.runners.model.RunnerScheduler.schedule(java.lang.Runnable);4
protected void org.junit.runners.BlockJUnit4ClassRunner.validateNoNonStaticInnerClass(java.util.List);public boolean org.junit.runners.model.TestClass.isANonStaticInnerClass();1
public void org.junit.runner.notification.RunNotifier.fireTestFinished(org.junit.runner.Description);org.junit.runner.notification.RunNotifier.7(org.junit.runner.notification.RunNotifier, org.junit.runner.Description);143
public void junit.tests.runner.ResultTest.testRunSuccessResultCanBeSerialised();public org.junit.runner.JUnitCore();1
public void org.junit.runner.notification.RunNotifier.fireTestStarted(org.junit.runner.Description);org.junit.runner.notification.RunNotifier.3(org.junit.runner.notification.RunNotifier, org.junit.runner.Description);143
public org.junit.runner.Result org.junit.runner.JUnitCore.run(org.junit.runner.Runner);public void org.junit.runner.notification.RunNotifier.fireTestRunFinished(org.junit.runner.Result);3
private void org.junit.runners.ParentRunner.runChildren(org.junit.runner.notification.RunNotifier);public abstract interface void org.junit.runners.model.RunnerScheduler.finished();4
public org.junit.runner.Result org.junit.runner.JUnitCore.run(org.junit.runner.Runner);public void org.junit.runner.JUnitCore.removeListener(org.junit.runner.notification.RunListener);3
public org.junit.runner.Runner org.junit.internal.builders.AllDefaultPossibilitiesBuilder.runnerForClass(java.lang.Class);protected org.junit.internal.builders.JUnit4Builder org.junit.internal.builders.AllDefaultPossibilitiesBuilder.junit4Builder();3
protected void org.junit.internal.TextListener.printHeader(long);private java.io.PrintStream org.junit.internal.TextListener.getWriter();2
protected java.util.List org.junit.runners.BlockJUnit4ClassRunner.computeTestMethods();public java.util.List org.junit.runners.model.TestClass.getAnnotatedMethods(java.lang.Class);2
protected java.util.List org.junit.runners.BlockJUnit4ClassRunner.getChildren();protected java.util.List org.junit.runners.BlockJUnit4ClassRunner.computeTestMethods();1
public org.junit.runner.Description org.junit.runners.ParentRunner.getDescription();protected java.lang.String org.junit.runners.ParentRunner.getName();9
protected org.junit.runner.Description org.junit.runners.BlockJUnit4ClassRunner.describeChild(org.junit.runners.model.FrameworkMethod);public static transient org.junit.runner.Description org.junit.runner.Description.createTestDescription(java.lang.Class, java.lang.String, java.lang.annotation.Annotation[]);4
protected void org.junit.runners.BlockJUnit4ClassRunner.validateOnlyOneConstructor(java.util.List);private boolean org.junit.runners.BlockJUnit4ClassRunner.hasOneConstructor();1
private org.junit.runners.model.Statement org.junit.runners.ParentRunner.withClassRules(org.junit.runners.model.Statement);protected java.util.List org.junit.runners.ParentRunner.classRules();4
protected void org.junit.runners.BlockJUnit4ClassRunner.runChild(org.junit.runners.model.FrameworkMethod, org.junit.runner.notification.RunNotifier);protected final void org.junit.runners.BlockJUnit4ClassRunner.runLeaf(org.junit.runners.model.Statement, org.junit.runner.Description, org.junit.runner.notification.RunNotifier);1
public void org.junit.runner.notification.RunNotifier.fireTestFailure(org.junit.runner.notification.Failure);void org.junit.runner.notification.RunNotifier.4.run();1
protected org.junit.internal.builders.IgnoredBuilder org.junit.internal.builders.AllDefaultPossibilitiesBuilder.ignoredBuilder();public org.junit.internal.builders.IgnoredBuilder();3
public static transient org.junit.runner.Request org.junit.runner.Request.classes(org.junit.runner.Computer, java.lang.Class[]);public org.junit.internal.builders.AllDefaultPossibilitiesBuilder(boolean);3
private org.junit.runner.Description org.junit.internal.runners.JUnit38ClassRunner.OldTestClassAdaptingListener.asDescription(junit.framework.Test);private java.lang.Class org.junit.internal.runners.JUnit38ClassRunner.OldTestClassAdaptingListener.getEffectiveClass(junit.framework.Test);284
public org.junit.internal.runners.JUnit38ClassRunner(junit.framework.Test);private void org.junit.internal.runners.JUnit38ClassRunner.setTest(junit.framework.Test);2
public static org.junit.runner.Description org.junit.runner.Description.createTestDescription(java.lang.Class, java.lang.String);public static transient org.junit.runner.Description org.junit.runner.Description.createTestDescription(java.lang.Class, java.lang.String, java.lang.annotation.Annotation[]);568
protected org.junit.runners.model.Statement org.junit.runners.BlockJUnit4ClassRunner.methodBlock(org.junit.runners.model.FrameworkMethod);public java.lang.Object org.junit.runners.BlockJUnit4ClassRunner.1.run();1
public void org.junit.runners.ParentRunner.2.evaluate();static void org.junit.runners.ParentRunner.access$000(org.junit.runners.ParentRunner, org.junit.runner.notification.RunNotifier);4
public void org.junit.runners.ParentRunner.run(org.junit.runner.notification.RunNotifier);protected org.junit.runners.model.Statement org.junit.runners.ParentRunner.classBlock(org.junit.runner.notification.RunNotifier);4
public void org.junit.internal.runners.model.EachTestNotifier.fireTestFinished();public void org.junit.runner.notification.RunNotifier.fireTestFinished(org.junit.runner.Description);1
public java.util.List org.junit.runners.model.RunnerBuilder.runners(java.lang.Class, java.lang.Class[]);java.lang.Class org.junit.runners.model.RunnerBuilder.addParent(java.lang.Class);3
public void org.junit.runner.Result.Listener.testRunFinished(org.junit.runner.Result);static long org.junit.runner.Result.access$000(org.junit.runner.Result);3
public static org.junit.runner.Request org.junit.runner.Request.runner(org.junit.runner.Runner);org.junit.runner.Request.1(org.junit.runner.Runner);3
public org.junit.runner.Result org.junit.runner.JUnitCore.run(org.junit.runner.Runner);public org.junit.runner.Result();3
protected org.junit.runners.model.Statement org.junit.runners.ParentRunner.childrenInvoker(org.junit.runner.notification.RunNotifier);org.junit.runners.ParentRunner.2(org.junit.runners.ParentRunner, org.junit.runner.notification.RunNotifier);4
public org.junit.runner.Runner org.junit.internal.builders.JUnit3Builder.runnerForClass(java.lang.Class);public org.junit.internal.runners.JUnit38ClassRunner(java.lang.Class);1
protected void org.junit.runners.BlockJUnit4ClassRunner.collectInitializationErrors(java.util.List);protected void org.junit.runners.BlockJUnit4ClassRunner.validateNoNonStaticInnerClass(java.util.List);1
protected final void org.junit.runners.ParentRunner.runLeaf(org.junit.runners.model.Statement, org.junit.runner.Description, org.junit.runner.notification.RunNotifier);public org.junit.internal.runners.model.EachTestNotifier(org.junit.runner.notification.RunNotifier, org.junit.runner.Description);1
protected void org.junit.runners.BlockJUnit4ClassRunner.validateTestMethods(java.util.List);protected void org.junit.runners.BlockJUnit4ClassRunner.validatePublicVoidNoArgMethods(java.lang.Class, boolean, java.util.List);1
public void org.junit.runner.JUnitCore.removeListener(org.junit.runner.notification.RunListener);public void org.junit.runner.notification.RunNotifier.removeListener(org.junit.runner.notification.RunListener);3
private org.junit.runners.model.Statement org.junit.runners.BlockJUnit4ClassRunner.withTestRules(org.junit.runners.model.FrameworkMethod, java.lang.Object, org.junit.runners.model.Statement);protected java.util.List org.junit.runners.BlockJUnit4ClassRunner.getTestRules(java.lang.Object);1
protected org.junit.runners.model.Statement org.junit.runners.ParentRunner.withAfterClasses(org.junit.runners.model.Statement);public java.util.List org.junit.runners.model.TestClass.getAnnotatedMethods(java.lang.Class);4
protected org.junit.runners.model.Statement org.junit.runners.BlockJUnit4ClassRunner.withAfters(org.junit.runners.model.FrameworkMethod, java.lang.Object, org.junit.runners.model.Statement);public final org.junit.runners.model.TestClass org.junit.runners.BlockJUnit4ClassRunner.getTestClass();1
protected void org.junit.runners.BlockJUnit4ClassRunner.runChild(org.junit.runners.model.FrameworkMethod, org.junit.runner.notification.RunNotifier);protected org.junit.runners.model.Statement org.junit.runners.BlockJUnit4ClassRunner.methodBlock(org.junit.runners.model.FrameworkMethod);1
protected org.junit.runners.model.Statement org.junit.runners.BlockJUnit4ClassRunner.methodBlock(org.junit.runners.model.FrameworkMethod);protected org.junit.runners.model.Statement org.junit.runners.BlockJUnit4ClassRunner.withPotentialTimeout(org.junit.runners.model.FrameworkMethod, java.lang.Object, org.junit.runners.model.Statement);1
protected final void org.junit.runners.ParentRunner.runLeaf(org.junit.runners.model.Statement, org.junit.runner.Description, org.junit.runner.notification.RunNotifier);public void org.junit.internal.runners.model.EachTestNotifier.fireTestFinished();1
protected java.lang.Object org.junit.runners.BlockJUnit4ClassRunner.createTest();public final org.junit.runners.model.TestClass org.junit.runners.BlockJUnit4ClassRunner.getTestClass();1
protected void org.junit.runners.BlockJUnit4ClassRunner.collectInitializationErrors(java.util.List);protected void org.junit.runners.BlockJUnit4ClassRunner.validateInstanceMethods(java.util.List);1
protected void org.junit.runners.BlockJUnit4ClassRunner.runChild(org.junit.runners.model.FrameworkMethod, org.junit.runner.notification.RunNotifier);protected org.junit.runner.Description org.junit.runners.BlockJUnit4ClassRunner.describeChild(org.junit.runners.model.FrameworkMethod);1
protected org.junit.runners.model.Statement org.junit.runners.BlockJUnit4ClassRunner.withPotentialTimeout(org.junit.runners.model.FrameworkMethod, java.lang.Object, org.junit.runners.model.Statement);public java.lang.annotation.Annotation org.junit.runners.model.FrameworkMethod.getAnnotation(java.lang.Class);1
public org.junit.runner.Runner org.junit.internal.builders.AllDefaultPossibilitiesBuilder.runnerForClass(java.lang.Class);protected org.junit.internal.builders.IgnoredBuilder org.junit.internal.builders.AllDefaultPossibilitiesBuilder.ignoredBuilder();3
public void org.junit.internal.runners.JUnit38ClassRunner.run(org.junit.runner.notification.RunNotifier);private junit.framework.Test org.junit.internal.runners.JUnit38ClassRunner.getTest();2
public org.junit.runner.Description org.junit.runners.ParentRunner.getDescription();protected abstract org.junit.runner.Description org.junit.runners.ParentRunner.describeChild(java.lang.Object);9
public org.junit.runner.Runner org.junit.internal.builders.AllDefaultPossibilitiesBuilder.runnerForClass(java.lang.Class);protected org.junit.internal.builders.JUnit3Builder org.junit.internal.builders.AllDefaultPossibilitiesBuilder.junit3Builder();3
protected final void org.junit.runners.ParentRunner.runLeaf(org.junit.runners.model.Statement, org.junit.runner.Description, org.junit.runner.notification.RunNotifier);public abstract void org.junit.runners.model.Statement.evaluate();1
private void org.junit.runners.model.TestClass.addToAnnotationLists(org.junit.runners.model.FrameworkMember, java.util.Map);abstract java.lang.annotation.Annotation[] org.junit.runners.model.FrameworkMember.getAnnotations();17
protected void org.junit.runners.ParentRunner.collectInitializationErrors(java.util.List);protected void org.junit.runners.ParentRunner.validatePublicVoidNoArgMethods(java.lang.Class, boolean, java.util.List);8
protected org.junit.runners.model.Statement org.junit.runners.ParentRunner.classBlock(org.junit.runner.notification.RunNotifier);protected org.junit.runners.model.Statement org.junit.runners.ParentRunner.withBeforeClasses(org.junit.runners.model.Statement);4
public org.junit.runner.Description org.junit.runners.ParentRunner.getDescription();public static transient org.junit.runner.Description org.junit.runner.Description.createSuiteDescription(java.lang.String, java.lang.annotation.Annotation[]);9
public transient org.junit.runner.Result org.junit.runner.JUnitCore.runMain(org.junit.internal.JUnitSystem, java.lang.String[]);public org.junit.internal.TextListener(org.junit.internal.JUnitSystem);1
private void org.junit.runners.model.TestClass.addToAnnotationLists(org.junit.runners.model.FrameworkMember, java.util.Map);private java.util.List org.junit.runners.model.TestClass.getAnnotatedMembers(java.util.Map, java.lang.Class);1
protected org.junit.runners.ParentRunner(java.lang.Class);public org.junit.runners.model.TestClass(java.lang.Class);4
public org.junit.runners.model.TestClass(java.lang.Class);public org.junit.runners.model.FrameworkMethod(java.lang.reflect.Method);15
public void org.junit.internal.TextListener.testRunFinished(org.junit.runner.Result);protected void org.junit.internal.TextListener.printFooter(org.junit.runner.Result);1
public void org.junit.internal.runners.JUnit38ClassRunner.run(org.junit.runner.notification.RunNotifier);public junit.framework.TestListener org.junit.internal.runners.JUnit38ClassRunner.createAdaptingListener(org.junit.runner.notification.RunNotifier);2
public void org.junit.runner.notification.RunNotifier.fireTestFinished(org.junit.runner.Description);void org.junit.runner.notification.RunNotifier.7.run();143
public void org.junit.internal.TextListener.testRunFinished(org.junit.runner.Result);protected void org.junit.internal.TextListener.printHeader(long);1
private void org.junit.runners.ParentRunner.validateClassRules(java.util.List);public final org.junit.runners.model.TestClass org.junit.runners.ParentRunner.getTestClass();4
public transient org.junit.runner.Result org.junit.runner.JUnitCore.run(java.lang.Class[]);public org.junit.runner.Result org.junit.runner.JUnitCore.run(org.junit.runner.Request);3
public static transient org.junit.runner.Description org.junit.runner.Description.createSuiteDescription(java.lang.String, java.lang.annotation.Annotation[]);private transient org.junit.runner.Description(java.lang.String, java.lang.annotation.Annotation[]);65
public void junit.tests.runner.ResultTest.testRunFailureResultCanBeSerialised();public org.junit.runner.JUnitCore();1
public void org.junit.runner.JUnitCore.addListener(org.junit.runner.notification.RunListener);public void org.junit.runner.notification.RunNotifier.addListener(org.junit.runner.notification.RunListener);1
protected org.junit.internal.builders.JUnit3Builder org.junit.internal.builders.AllDefaultPossibilitiesBuilder.junit3Builder();public org.junit.internal.builders.JUnit3Builder();3
public org.junit.runner.Runner org.junit.runners.model.RunnerBuilder.safeRunnerForClass(java.lang.Class);public abstract org.junit.runner.Runner org.junit.runners.model.RunnerBuilder.runnerForClass(java.lang.Class);15
public static transient void org.junit.runner.JUnitCore.runMainAndExit(org.junit.internal.JUnitSystem, java.lang.String[]);public org.junit.runner.JUnitCore();1
static org.junit.runner.Description.<clinit>;private transient org.junit.runner.Description(java.lang.String, java.lang.annotation.Annotation[]);2
protected void org.junit.internal.TextListener.printFooter(org.junit.runner.Result);public int org.junit.runner.Result.getRunCount();2
protected void org.junit.runner.notification.RunNotifier.1.notifyListener(org.junit.runner.notification.RunListener);public void org.junit.runner.notification.RunListener.testRunStarted(org.junit.runner.Description);4
protected org.junit.runners.model.Statement org.junit.runners.ParentRunner.classBlock(org.junit.runner.notification.RunNotifier);protected org.junit.runners.model.Statement org.junit.runners.ParentRunner.childrenInvoker(org.junit.runner.notification.RunNotifier);4
protected void org.junit.runners.BlockJUnit4ClassRunner.validateInstanceMethods(java.util.List);protected void org.junit.runners.BlockJUnit4ClassRunner.validatePublicVoidNoArgMethods(java.lang.Class, boolean, java.util.List);2
public org.junit.runner.notification.RunListener org.junit.runner.Result.createListener();org.junit.runner.Result.Listener(org.junit.runner.Result, org.junit.runner.Result.1);3
protected java.lang.Object org.junit.runners.BlockJUnit4ClassRunner.createTest();public java.lang.reflect.Constructor org.junit.runners.model.TestClass.getOnlyConstructor();1
protected void org.junit.runner.notification.RunNotifier.4.notifyListener(org.junit.runner.notification.RunListener);public void org.junit.runner.notification.RunListener.testFailure(org.junit.runner.notification.Failure);1
protected void org.junit.runners.BlockJUnit4ClassRunner.validateInstanceMethods(java.util.List);protected java.util.List org.junit.runners.BlockJUnit4ClassRunner.computeTestMethods();1
protected org.junit.runners.model.Statement org.junit.runners.BlockJUnit4ClassRunner.methodBlock(org.junit.runners.model.FrameworkMethod);private org.junit.runners.model.Statement org.junit.runners.BlockJUnit4ClassRunner.withRules(org.junit.runners.model.FrameworkMethod, java.lang.Object, org.junit.runners.model.Statement);1
public void org.junit.internal.runners.model.EachTestNotifier.addFailure(java.lang.Throwable);public org.junit.runner.notification.Failure(org.junit.runner.Description, java.lang.Throwable);1
public static transient void org.junit.runner.JUnitCore.main(java.lang.String[]);public static transient void org.junit.runner.JUnitCore.runMainAndExit(org.junit.internal.JUnitSystem, java.lang.String[]);1
public static void org.junit.Assert.fail();public static void org.junit.Assert.fail(java.lang.String);1
private static org.junit.runner.Description org.junit.internal.runners.JUnit38ClassRunner.makeDescription(junit.framework.Test);public void org.junit.runner.Description.addChild(org.junit.runner.Description);336
public org.junit.runner.Runner org.junit.internal.builders.JUnit4Builder.runnerForClass(java.lang.Class);public org.junit.runners.BlockJUnit4ClassRunner(java.lang.Class);1
public org.junit.runner.Description org.junit.runners.ParentRunner.getDescription();private java.util.List org.junit.runners.ParentRunner.getFilteredChildren();9
public void org.junit.internal.runners.JUnit38ClassRunner.OldTestClassAdaptingListener.endTest(junit.framework.Test);private org.junit.runner.Description org.junit.internal.runners.JUnit38ClassRunner.OldTestClassAdaptingListener.asDescription(junit.framework.Test);142
private boolean org.junit.runners.BlockJUnit4ClassRunner.expectsException(org.junit.Test);private java.lang.Class org.junit.runners.BlockJUnit4ClassRunner.getExpectedException(org.junit.Test);1
protected org.junit.internal.builders.AnnotatedBuilder org.junit.internal.builders.AllDefaultPossibilitiesBuilder.annotatedBuilder();public org.junit.internal.builders.AnnotatedBuilder(org.junit.runners.model.RunnerBuilder);3
public transient java.lang.Object org.junit.runners.model.FrameworkMethod.invokeExplosively(java.lang.Object, java.lang.Object[]);org.junit.runners.model.FrameworkMethod.1(org.junit.runners.model.FrameworkMethod, java.lang.Object, java.lang.Object[]);1
public org.junit.runner.Runner org.junit.runner.Computer.getSuite(org.junit.runners.model.RunnerBuilder, java.lang.Class[]);org.junit.runner.Computer.1(org.junit.runner.Computer, org.junit.runners.model.RunnerBuilder);3
protected void org.junit.runner.notification.RunNotifier.7.notifyListener(org.junit.runner.notification.RunListener);public void org.junit.runner.notification.RunListener.testFinished(org.junit.runner.Description);284
private static org.junit.runner.Description org.junit.internal.runners.JUnit38ClassRunner.makeDescription(junit.framework.Test);public static transient org.junit.runner.Description org.junit.runner.Description.createSuiteDescription(java.lang.String, java.lang.annotation.Annotation[]);56
public org.junit.runner.Description org.junit.internal.runners.JUnit38ClassRunner.getDescription();private junit.framework.Test org.junit.internal.runners.JUnit38ClassRunner.getTest();4
public org.junit.runner.Runner org.junit.runner.Computer.getSuite(org.junit.runners.model.RunnerBuilder, java.lang.Class[]);public org.junit.runners.Suite(org.junit.runners.model.RunnerBuilder, java.lang.Class[]);3
protected void org.junit.runners.BlockJUnit4ClassRunner.collectInitializationErrors(java.util.List);protected void org.junit.runners.BlockJUnit4ClassRunner.validateConstructor(java.util.List);1
public void org.junit.runners.ParentRunner.run(org.junit.runner.notification.RunNotifier);public org.junit.runner.Description org.junit.runners.ParentRunner.getDescription();4
public void org.junit.internal.runners.JUnit38ClassRunner.OldTestClassAdaptingListener.startTest(junit.framework.Test);private org.junit.runner.Description org.junit.internal.runners.JUnit38ClassRunner.OldTestClassAdaptingListener.asDescription(junit.framework.Test);142
public org.junit.runner.Result org.junit.runner.JUnitCore.run(org.junit.runner.Runner);public void org.junit.runner.notification.RunNotifier.addFirstListener(org.junit.runner.notification.RunListener);3
public void org.junit.runner.Description.addChild(org.junit.runner.Description);public java.util.ArrayList org.junit.runner.Description.getChildren();345
private java.util.List org.junit.runners.ParentRunner.getFilteredChildren();protected abstract java.util.List org.junit.runners.ParentRunner.getChildren();4
public org.junit.runners.model.TestClass(java.lang.Class);private void org.junit.runners.model.TestClass.addToAnnotationLists(org.junit.runners.model.FrameworkMember, java.util.Map);17
protected org.junit.runners.model.Statement org.junit.runners.BlockJUnit4ClassRunner.withAfters(org.junit.runners.model.FrameworkMethod, java.lang.Object, org.junit.runners.model.Statement);public java.util.List org.junit.runners.model.TestClass.getAnnotatedMethods(java.lang.Class);1
public junit.framework.TestListener org.junit.internal.runners.JUnit38ClassRunner.createAdaptingListener(org.junit.runner.notification.RunNotifier);org.junit.internal.runners.JUnit38ClassRunner.OldTestClassAdaptingListener(org.junit.internal.runners.JUnit38ClassRunner, org.junit.runner.notification.RunNotifier, org.junit.internal.runners.JUnit38ClassRunner.1);2
private void org.junit.runners.model.TestClass.addToAnnotationLists(org.junit.runners.model.FrameworkMember, java.util.Map);private boolean org.junit.runners.model.TestClass.runsTopToBottom(java.lang.Class);1
public org.junit.runners.model.TestClass(java.lang.Class);private java.util.List org.junit.runners.model.TestClass.getSuperClasses(java.lang.Class);4
protected void org.junit.runner.notification.RunNotifier.2.notifyListener(org.junit.runner.notification.RunListener);public void org.junit.runner.notification.RunListener.testRunFinished(org.junit.runner.Result);4
private java.lang.Class org.junit.runners.BlockJUnit4ClassRunner.getExpectedException(org.junit.Test);public abstract interface java.lang.Class org.junit.Test.expected();1
private java.util.List org.junit.runners.model.RunnerBuilder.runners(java.lang.Class[]);public org.junit.runner.Runner org.junit.runners.model.RunnerBuilder.safeRunnerForClass(java.lang.Class);3
protected java.util.List org.junit.runners.ParentRunner.classRules();public java.util.List org.junit.runners.model.TestClass.getAnnotatedFieldValues(java.lang.Object, java.lang.Class, java.lang.Class);4
public org.junit.runner.Runner org.junit.internal.builders.SuiteMethodBuilder.runnerForClass(java.lang.Class);public org.junit.internal.runners.SuiteMethod(java.lang.Class);1
protected org.junit.runners.model.Statement org.junit.runners.ParentRunner.classBlock(org.junit.runner.notification.RunNotifier);private org.junit.runners.model.Statement org.junit.runners.ParentRunner.withClassRules(org.junit.runners.model.Statement);4
protected org.junit.runners.model.Statement org.junit.runners.BlockJUnit4ClassRunner.methodBlock(org.junit.runners.model.FrameworkMethod);protected org.junit.runners.model.Statement org.junit.runners.BlockJUnit4ClassRunner.withBefores(org.junit.runners.model.FrameworkMethod, java.lang.Object, org.junit.runners.model.Statement);1
public static transient void org.junit.runner.JUnitCore.runMainAndExit(org.junit.internal.JUnitSystem, java.lang.String[]);public boolean org.junit.runner.Result.wasSuccessful();1
protected org.junit.runners.ParentRunner(java.lang.Class);org.junit.runners.ParentRunner.1(org.junit.runners.ParentRunner);4
protected void org.junit.runners.BlockJUnit4ClassRunner.validateZeroArgConstructor(java.util.List);public java.lang.reflect.Constructor org.junit.runners.model.TestClass.getOnlyConstructor();1
public void org.junit.runners.ParentRunner.run(org.junit.runner.notification.RunNotifier);public org.junit.internal.runners.model.EachTestNotifier(org.junit.runner.notification.RunNotifier, org.junit.runner.Description);4
public org.junit.runner.Result org.junit.runner.JUnitCore.run(org.junit.runner.Request);public org.junit.runner.Result org.junit.runner.JUnitCore.run(org.junit.runner.Runner);3
public void org.junit.internal.runners.model.EachTestNotifier.addFailure(java.lang.Throwable);public void org.junit.runner.notification.RunNotifier.fireTestFailure(org.junit.runner.notification.Failure);1
private long org.junit.runners.BlockJUnit4ClassRunner.getTimeout(org.junit.Test);public abstract interface long org.junit.Test.timeout();1
public void org.junit.runner.notification.RunNotifier.fireTestFailure(org.junit.runner.notification.Failure);org.junit.runner.notification.RunNotifier.4(org.junit.runner.notification.RunNotifier, org.junit.runner.notification.Failure);1
protected org.junit.runner.Description org.junit.runners.Suite.describeChild(org.junit.runner.Runner);public abstract org.junit.runner.Description org.junit.runner.Runner.getDescription();6
private void org.junit.runners.ParentRunner.validateClassRules(java.util.List);public void org.junit.internal.runners.rules.RuleFieldValidator.validate(org.junit.runners.model.TestClass, java.util.List);4
protected java.util.List org.junit.runners.BlockJUnit4ClassRunner.computeTestMethods();public final org.junit.runners.model.TestClass org.junit.runners.BlockJUnit4ClassRunner.getTestClass();2
public org.junit.runner.Runner org.junit.internal.builders.JUnit3Builder.runnerForClass(java.lang.Class);boolean org.junit.internal.builders.JUnit3Builder.isPre4Test(java.lang.Class);2
public void org.junit.internal.runners.JUnit38ClassRunner.OldTestClassAdaptingListener.startTest(junit.framework.Test);public void org.junit.runner.notification.RunNotifier.fireTestStarted(org.junit.runner.Description);142
protected java.lang.String org.junit.runners.BlockJUnit4ClassRunner.testName(org.junit.runners.model.FrameworkMethod);public java.lang.String org.junit.runners.model.FrameworkMethod.getName();4
private void org.junit.runners.ParentRunner.runChildren(org.junit.runner.notification.RunNotifier);org.junit.runners.ParentRunner.3(org.junit.runners.ParentRunner, java.lang.Object, org.junit.runner.notification.RunNotifier);4
public void junit.tests.runner.ResultTest.testRunSuccessResultCanBeSerialised();public transient org.junit.runner.Result org.junit.runner.JUnitCore.run(java.lang.Class[]);1
protected org.junit.runners.model.Statement org.junit.runners.BlockJUnit4ClassRunner.possiblyExpectingExceptions(org.junit.runners.model.FrameworkMethod, java.lang.Object, org.junit.runners.model.Statement);public java.lang.annotation.Annotation org.junit.runners.model.FrameworkMethod.getAnnotation(java.lang.Class);1
public void org.junit.runner.notification.RunNotifier.fireTestRunStarted(org.junit.runner.Description);void org.junit.runner.notification.RunNotifier.1.run();3
public void org.junit.runner.Result.Listener.testRunFinished(org.junit.runner.Result);static long org.junit.runner.Result.access$114(org.junit.runner.Result, long);3
public transient org.junit.runner.Result org.junit.runner.JUnitCore.runMain(org.junit.internal.JUnitSystem, java.lang.String[]);public transient org.junit.runner.Result org.junit.runner.JUnitCore.run(java.lang.Class[]);1
public void org.junit.runner.notification.RunNotifier.fireTestRunFinished(org.junit.runner.Result);org.junit.runner.notification.RunNotifier.2(org.junit.runner.notification.RunNotifier, org.junit.runner.Result);3
protected final void org.junit.runners.ParentRunner.runLeaf(org.junit.runners.model.Statement, org.junit.runner.Description, org.junit.runner.notification.RunNotifier);public void org.junit.internal.runners.model.EachTestNotifier.fireTestStarted();1
public static transient org.junit.runner.Request org.junit.runner.Request.classes(org.junit.runner.Computer, java.lang.Class[]);public static org.junit.runner.Request org.junit.runner.Request.runner(org.junit.runner.Runner);3
static void org.junit.runners.ParentRunner.access$000(org.junit.runners.ParentRunner, org.junit.runner.notification.RunNotifier);private void org.junit.runners.ParentRunner.runChildren(org.junit.runner.notification.RunNotifier);4
public static transient void org.junit.runner.JUnitCore.runMainAndExit(org.junit.internal.JUnitSystem, java.lang.String[]);public transient org.junit.runner.Result org.junit.runner.JUnitCore.runMain(org.junit.internal.JUnitSystem, java.lang.String[]);1
public org.junit.runner.Runner org.junit.internal.builders.AllDefaultPossibilitiesBuilder.runnerForClass(java.lang.Class);public org.junit.runner.Runner org.junit.runners.model.RunnerBuilder.safeRunnerForClass(java.lang.Class);12
public void org.junit.runner.Result.Listener.testFinished(org.junit.runner.Description);static java.util.concurrent.atomic.AtomicInteger org.junit.runner.Result.access$200(org.junit.runner.Result);143
protected org.junit.runners.model.Statement org.junit.runners.BlockJUnit4ClassRunner.methodBlock(org.junit.runners.model.FrameworkMethod);org.junit.runners.BlockJUnit4ClassRunner.1(org.junit.runners.BlockJUnit4ClassRunner);1
private org.junit.runner.Description org.junit.internal.runners.JUnit38ClassRunner.OldTestClassAdaptingListener.asDescription(junit.framework.Test);private java.lang.String org.junit.internal.runners.JUnit38ClassRunner.OldTestClassAdaptingListener.getName(junit.framework.Test);284
public void org.junit.internal.runners.JUnit38ClassRunner.OldTestClassAdaptingListener.endTest(junit.framework.Test);public void org.junit.runner.notification.RunNotifier.fireTestFinished(org.junit.runner.Description);142
private org.junit.runner.Description org.junit.internal.runners.JUnit38ClassRunner.OldTestClassAdaptingListener.asDescription(junit.framework.Test);public static org.junit.runner.Description org.junit.runner.Description.createTestDescription(java.lang.Class, java.lang.String);284
private boolean org.junit.runners.BlockJUnit4ClassRunner.hasOneConstructor();public final org.junit.runners.model.TestClass org.junit.runners.BlockJUnit4ClassRunner.getTestClass();2
protected org.junit.runners.model.RunnerBuilder org.junit.internal.builders.AllDefaultPossibilitiesBuilder.suiteMethodBuilder();public org.junit.internal.builders.SuiteMethodBuilder();3
private org.junit.runners.model.Statement org.junit.runners.BlockJUnit4ClassRunner.withRules(org.junit.runners.model.FrameworkMethod, java.lang.Object, org.junit.runners.model.Statement);private org.junit.runners.model.Statement org.junit.runners.BlockJUnit4ClassRunner.withMethodRules(org.junit.runners.model.FrameworkMethod, java.lang.Object, org.junit.runners.model.Statement);1
public org.junit.runner.Result org.junit.runner.JUnitCore.run(org.junit.runner.Runner);public void org.junit.runner.notification.RunNotifier.fireTestRunStarted(org.junit.runner.Description);3
public void org.junit.internal.runners.model.EachTestNotifier.fireTestStarted();public void org.junit.runner.notification.RunNotifier.fireTestStarted(org.junit.runner.Description);1
private void org.junit.runners.ParentRunner.runChildren(org.junit.runner.notification.RunNotifier);private java.util.List org.junit.runners.ParentRunner.getFilteredChildren();4
public org.junit.runner.JUnitCore();public org.junit.runner.notification.RunNotifier();3
